app,cluster,isNamespaced,role,critical,roleBinding,rules,team,storeID,service,name,namespace,runID,class,id,label
,kind-kubehound.test.local,true,rolebind-rb-r-crb-cr-fail,false,pod-bind-role-rb-r-crb-cr-fail-u,"[API(rbac.authorization.k8s.io)::R(clusterrolebindings)::N()::V(create), API(rbac.authorization.k8s.io)::R(clusterroles)::N()::V(bind)]",,686cdf51dce18c406e3d25f9,,rolebind-rb-r-crb-cr-fail::pod-bind-role-rb-r-crb-cr-fail-u,default,01jzmmdybqgekbn439fjdz6she,PermissionSet,527672,PermissionSet
,kind-kubehound.test.local,true,system:controller:bootstrap-signer,false,system:controller:bootstrap-signer,"[API()::R(secrets)::N()::V(get,list,watch)]",,686cdf52dce18c406e3d2686,,system:controller:bootstrap-signer::system:controller:bootstrap-signer,kube-system,01jzmmdybqgekbn439fjdz6she,PermissionSet,590024,PermissionSet
,kind-kubehound.test.local,true,read-secrets,false,pod-get-secrets,[API(*)::R(secrets)::N()::V(get)],,686cdf51dce18c406e3d2634,,read-secrets::pod-get-secrets,default,01jzmmdybqgekbn439fjdz6she,PermissionSet,262192,PermissionSet
,kind-kubehound.test.local,false,system:controller:horizontal-pod-autoscaler,true,system:controller:horizontal-pod-autoscaler,"[API(autoscaling)::R(horizontalpodautoscalers)::N()::V(get,list,watch), API(autoscaling)::R(horizontalpodautoscalers/status)::N()::V(update), API(*)::R(*/scale)::N()::V(get,update), API()::R(pods)::N()::V(list,watch), API(metrics.k8s.io)::R(pods)::N()::V(list,watch), API(custom.metrics.k8s.io)::R(*)::N()::V(get,list,watch), API(external.metrics.k8s.io)::R(*)::N()::V(get,list,watch), API(,events.k8s.io)::R(events)::N()::V(create,patch,update)]",,686cdf52dce18c406e3d266b,,system:controller:horizontal-pod-autoscaler::system:controller:horizontal-pod-autoscaler,,01jzmmdybqgekbn439fjdz6she,PermissionSet,525632,PermissionSet
,kind-kubehound.test.local,false,system:controller:persistent-volume-binder,true,system:controller:persistent-volume-binder,"[API()::R(persistentvolumes)::N()::V(create,delete,get,list,update,watch), API()::R(persistentvolumes/status)::N()::V(update), API()::R(persistentvolumeclaims)::N()::V(get,list,update,watch), API()::R(persistentvolumeclaims/status)::N()::V(update), API()::R(pods)::N()::V(create,delete,get,list,watch), API(storage.k8s.io)::R(storageclasses)::N()::V(get,list,watch), API()::R(nodes)::N()::V(list,watch), API(,events.k8s.io)::R(events)::N()::V(create,patch,update), API()::R(events)::N()::V(watch), API()::R(services)::N()::V(get)]",,686cdf52dce18c406e3d268c,,system:controller:persistent-volume-binder::system:controller:persistent-volume-binder,,01jzmmdybqgekbn439fjdz6she,PermissionSet,853448,PermissionSet
,kind-kubehound.test.local,false,system:controller:service-account-controller,true,system:controller:service-account-controller,"[API()::R(serviceaccounts)::N()::V(create), API(,events.k8s.io)::R(events)::N()::V(create,patch,update)]",,686cdf52dce18c406e3d26af,,system:controller:service-account-controller::system:controller:service-account-controller,,01jzmmdybqgekbn439fjdz6she,PermissionSet,524336,PermissionSet
,kind-kubehound.test.local,false,system:controller:ttl-controller,true,system:controller:ttl-controller,"[API()::R(nodes)::N()::V(list,patch,update,watch), API(,events.k8s.io)::R(events)::N()::V(create,patch,update)]",,686cdf52dce18c406e3d26be,,system:controller:ttl-controller::system:controller:ttl-controller,,01jzmmdybqgekbn439fjdz6she,PermissionSet,1117496,PermissionSet
,kind-kubehound.test.local,false,system:monitoring,true,system:monitoring,[API()::R()::N()::V(get)],,686cdf52dce18c406e3d26d0,,system:monitoring::system:monitoring,,01jzmmdybqgekbn439fjdz6she,PermissionSet,917552,PermissionSet
,kind-kubehound.test.local,true,rolebind-rb-r-crb-cr-fail,false,pod-bind-role-rb-r-crb-cr-fail,"[API(rbac.authorization.k8s.io)::R(clusterrolebindings)::N()::V(create), API(rbac.authorization.k8s.io)::R(clusterroles)::N()::V(bind)]",,686cdf51dce18c406e3d25f0,,rolebind-rb-r-crb-cr-fail::pod-bind-role-rb-r-crb-cr-fail,default,01jzmmdybqgekbn439fjdz6she,PermissionSet,393568,PermissionSet
,kind-kubehound.test.local,true,system::leader-locking-kube-scheduler,false,system::leader-locking-kube-scheduler,"[API()::R(configmaps)::N()::V(watch), API()::R(configmaps)::N(kube-scheduler)::V(get,update), API(coordination.k8s.io)::R(leases)::N()::V(create,get,list,update,watch), API(coordination.k8s.io)::R(leasecandidates)::N()::V(create,get,list,update,watch)]",,686cdf52dce18c406e3d267e,,system::leader-locking-kube-scheduler::system::leader-locking-kube-scheduler,kube-system,01jzmmdybqgekbn439fjdz6she,PermissionSet,460096,PermissionSet
,kind-kubehound.test.local,true,extension-apiserver-authentication-reader,false,system::extension-apiserver-authentication-reader,"[API()::R(configmaps)::N(extension-apiserver-authentication)::V(get,list,watch)]",,686cdf52dce18c406e3d2671,,extension-apiserver-authentication-reader::system::extension-apiserver-authentication-reader,kube-system,01jzmmdybqgekbn439fjdz6she,PermissionSet,591304,PermissionSet
,kind-kubehound.test.local,false,system:kube-scheduler,true,system:kube-scheduler,"[API(,events.k8s.io)::R(events)::N()::V(create,patch,update), API(coordination.k8s.io)::R(leases)::N()::V(create), API(coordination.k8s.io)::R(leases)::N(kube-scheduler)::V(get,list,update,watch), API(coordination.k8s.io)::R(leasecandidates)::N()::V(create,delete,deletecollection,get,list,patch,update,watch), API()::R(nodes)::N()::V(get,list,watch), API()::R(pods)::N()::V(delete,get,list,watch), API()::R(bindings,pods/binding)::N()::V(create), API()::R(pods/status)::N()::V(patch,update), API()::R(replicationcontrollers,services)::N()::V(get,list,watch), API(apps,extensions)::R(replicasets)::N()::V(get,list,watch), API(apps)::R(statefulsets)::N()::V(get,list,watch), API(policy)::R(poddisruptionbudgets)::N()::V(get,list,watch), API()::R(persistentvolumeclaims,persistentvolumes)::N()::V(get,list,watch), API(authentication.k8s.io)::R(tokenreviews)::N()::V(create), API(authorization.k8s.io)::R(subjectaccessreviews)::N()::V(create), API(storage.k8s.io)::R(csinodes)::N()::V(get,list,watch), API(storage.k8s.io)::R(volumeattachments)::N()::V(get,list,watch), API()::R(namespaces)::N()::V(get,list,watch), API(storage.k8s.io)::R(csidrivers)::N()::V(get,list,watch), API(storage.k8s.io)::R(csistoragecapacities)::N()::V(get,list,watch)]",,686cdf52dce18c406e3d26cd,,system:kube-scheduler::system:kube-scheduler,,01jzmmdybqgekbn439fjdz6she,PermissionSet,1314104,PermissionSet
,kind-kubehound.test.local,false,system:volume-scheduler,true,system:volume-scheduler,"[API()::R(persistentvolumes)::N()::V(get,list,patch,update,watch), API(storage.k8s.io)::R(storageclasses)::N()::V(get,list,watch), API()::R(persistentvolumeclaims)::N()::V(get,list,patch,update,watch)]",,686cdf52dce18c406e3d26dd,,system:volume-scheduler::system:volume-scheduler,,01jzmmdybqgekbn439fjdz6she,PermissionSet,1445176,PermissionSet
,kind-kubehound.test.local,true,system::leader-locking-kube-controller-manager,false,system::leader-locking-kube-controller-manager,"[API()::R(configmaps)::N()::V(watch), API()::R(configmaps)::N(kube-controller-manager)::V(get,update), API(coordination.k8s.io)::R(leases)::N()::V(create,get,list,update,watch), API(coordination.k8s.io)::R(leasecandidates)::N()::V(create,get,list,update,watch)]",,686cdf52dce18c406e3d2678,,system::leader-locking-kube-controller-manager::system::leader-locking-kube-controller-manager,kube-system,01jzmmdybqgekbn439fjdz6she,PermissionSet,590176,PermissionSet
,kind-kubehound.test.local,false,cluster-admin,true,cluster-admin,"[API(*)::R(*)::N()::V(*), API()::R()::N()::V(*)]",,686cdf51dce18c406e3d25d7,,cluster-admin::cluster-admin,,01jzmmdybqgekbn439fjdz6she,PermissionSet,327880,PermissionSet
,kind-kubehound.test.local,true,exec-pods,false,pod-exec-pods,"[API()::R(pods,pods/log)::N()::V(get,list), API()::R(pods/exec)::N()::V(create)]",,686cdf51dce18c406e3d262b,,exec-pods::pod-exec-pods,default,01jzmmdybqgekbn439fjdz6she,PermissionSet,458952,PermissionSet
,kind-kubehound.test.local,false,system:controller:generic-garbage-collector,true,system:controller:generic-garbage-collector,"[API(*)::R(*)::N()::V(delete,get,list,patch,update,watch), API(,events.k8s.io)::R(events)::N()::V(create,patch,update)]",,686cdf52dce18c406e3d2668,,system:controller:generic-garbage-collector::system:controller:generic-garbage-collector,,01jzmmdybqgekbn439fjdz6she,PermissionSet,655560,PermissionSet
,kind-kubehound.test.local,false,system:node-proxier,true,kubeadm:node-proxier,"[API()::R(endpoints,services)::N()::V(list,watch), API()::R(nodes)::N()::V(get,list,watch), API(,events.k8s.io)::R(events)::N()::V(create,patch,update), API(networking.k8s.io)::R(servicecidrs)::N()::V(list,watch), API(discovery.k8s.io)::R(endpointslices)::N()::V(list,watch)]",,686cdf51dce18c406e3d25fc,,system:node-proxier::kubeadm:node-proxier,,01jzmmdybqgekbn439fjdz6she,PermissionSet,197952,PermissionSet
,kind-kubehound.test.local,false,system:controller:replicaset-controller,true,system:controller:replicaset-controller,"[API(apps,extensions)::R(replicasets)::N()::V(get,list,update,watch), API(apps,extensions)::R(replicasets/status)::N()::V(update), API(apps,extensions)::R(replicasets/finalizers)::N()::V(update), API()::R(pods)::N()::V(create,delete,list,patch,watch), API(,events.k8s.io)::R(events)::N()::V(create,patch,update)]",,686cdf52dce18c406e3d269d,,system:controller:replicaset-controller::system:controller:replicaset-controller,,01jzmmdybqgekbn439fjdz6she,PermissionSet,786632,PermissionSet
,kind-kubehound.test.local,false,system:basic-user,false,system:basic-user,"[API(authorization.k8s.io)::R(selfsubjectaccessreviews,selfsubjectrulesreviews)::N()::V(create), API(authentication.k8s.io)::R(selfsubjectreviews)::N()::V(create)]",,686cdf51dce18c406e3d261f,,system:basic-user::system:basic-user,,01jzmmdybqgekbn439fjdz6she,PermissionSet,920888,PermissionSet
,kind-kubehound.test.local,false,system:public-info-viewer,true,system:public-info-viewer,[API()::R()::N()::V(get)],,686cdf52dce18c406e3d26d8,,system:public-info-viewer::system:public-info-viewer,,01jzmmdybqgekbn439fjdz6she,PermissionSet,983088,PermissionSet
,kind-kubehound.test.local,false,system:discovery,false,system:discovery,[API()::R()::N()::V(get)],,686cdf52dce18c406e3d26c6,,system:discovery::system:discovery,,01jzmmdybqgekbn439fjdz6she,PermissionSet,1048928,PermissionSet
,kind-kubehound.test.local,false,system:controller:attachdetach-controller,true,system:controller:attachdetach-controller,"[API()::R(persistentvolumeclaims,persistentvolumes)::N()::V(list,watch), API()::R(nodes)::N()::V(get,list,watch), API()::R(nodes/status)::N()::V(patch,update), API()::R(pods)::N()::V(list,watch), API(,events.k8s.io)::R(events)::N()::V(create,patch,update), API(storage.k8s.io)::R(volumeattachments)::N()::V(create,delete,get,list,watch), API(storage.k8s.io)::R(csidrivers)::N()::V(get,list,watch), API(storage.k8s.io)::R(csinodes)::N()::V(get,list,watch)]",,686cdf51dce18c406e3d2625,,system:controller:attachdetach-controller::system:controller:attachdetach-controller,,01jzmmdybqgekbn439fjdz6she,PermissionSet,327728,PermissionSet
,kind-kubehound.test.local,false,system:controller:resourcequota-controller,true,system:controller:resourcequota-controller,"[API(*)::R(*)::N()::V(list,watch), API()::R(resourcequotas/status)::N()::V(update), API(,events.k8s.io)::R(events)::N()::V(create,patch,update)]",,686cdf52dce18c406e3d26a3,,system:controller:resourcequota-controller::system:controller:resourcequota-controller,,01jzmmdybqgekbn439fjdz6she,PermissionSet,918984,PermissionSet
,kind-kubehound.test.local,false,system:controller:route-controller,true,system:controller:route-controller,"[API()::R(nodes)::N()::V(list,watch), API()::R(nodes/status)::N()::V(patch), API(,events.k8s.io)::R(events)::N()::V(create,patch,update)]",,686cdf52dce18c406e3d26a9,,system:controller:route-controller::system:controller:route-controller,,01jzmmdybqgekbn439fjdz6she,PermissionSet,984520,PermissionSet
,kind-kubehound.test.local,false,system:controller:selinux-warning-controller,false,system:controller:selinux-warning-controller,"[API(,events.k8s.io)::R(events)::N()::V(create,patch,update), API()::R(persistentvolumes)::N()::V(get,list,watch), API()::R(persistentvolumeclaims)::N()::V(get,list,watch), API()::R(pods)::N()::V(get,list,watch), API(storage.k8s.io)::R(csidrivers)::N()::V(get,list,watch)]",,686cdf52dce18c406e3d26ac,,system:controller:selinux-warning-controller::system:controller:selinux-warning-controller,,01jzmmdybqgekbn439fjdz6she,PermissionSet,657176,PermissionSet
,kind-kubehound.test.local,false,system:controller:service-controller,true,system:controller:service-controller,"[API()::R(services)::N()::V(get,list,watch), API()::R(services/status)::N()::V(patch,update), API()::R(nodes)::N()::V(list,watch), API(,events.k8s.io)::R(events)::N()::V(create,patch,update)]",,686cdf52dce18c406e3d26b5,,system:controller:service-controller::system:controller:service-controller,,01jzmmdybqgekbn439fjdz6she,PermissionSet,722712,PermissionSet
,kind-kubehound.test.local,true,rolebind-rb-cr-rb-cr,false,pod-bind-role-rb-cr-rb-cr,"[API(rbac.authorization.k8s.io)::R(rolebindings)::N()::V(create), API(rbac.authorization.k8s.io)::R(clusterroles)::N()::V(bind)]",,686cdf51dce18c406e3d25e3,,rolebind-rb-cr-rb-cr::pod-bind-role-rb-cr-rb-cr,default,01jzmmdybqgekbn439fjdz6she,PermissionSet,196656,PermissionSet
,kind-kubehound.test.local,true,rolebind-rb-r-crb-cr-fail,false,pod-bind-role-rb-r-crb-cr-fail-g,"[API(rbac.authorization.k8s.io)::R(clusterrolebindings)::N()::V(create), API(rbac.authorization.k8s.io)::R(clusterroles)::N()::V(bind)]",,686cdf51dce18c406e3d25f6,,rolebind-rb-r-crb-cr-fail::pod-bind-role-rb-r-crb-cr-fail-g,default,01jzmmdybqgekbn439fjdz6she,PermissionSet,132888,PermissionSet
,kind-kubehound.test.local,true,rolebind-rb-r-rb-r,false,pod-bind-role-rb-r-rb-r,"[API(rbac.authorization.k8s.io)::R(rolebindings)::N()::V(create), API(rbac.authorization.k8s.io)::R(roles)::N()::V(bind)]",,686cdf51dce18c406e3d2610,,rolebind-rb-r-rb-r::pod-bind-role-rb-r-rb-r,default,01jzmmdybqgekbn439fjdz6she,PermissionSet,197656,PermissionSet
,kind-kubehound.test.local,true,list-secrets,false,pod-list-secrets,[API(*)::R(secrets)::N()::V(list)],,686cdf51dce18c406e3d2640,,list-secrets::pod-list-secrets,default,01jzmmdybqgekbn439fjdz6she,PermissionSet,329024,PermissionSet
,kind-kubehound.test.local,true,rolebind-rb-cr-rb-r,false,pod-bind-role-rb-cr-rb-r,"[API(rbac.authorization.k8s.io)::R(rolebindings)::N()::V(create), API(rbac.authorization.k8s.io)::R(roles)::N()::V(bind)]",,686cdf51dce18c406e3d25e9,,rolebind-rb-cr-rb-r::pod-bind-role-rb-cr-rb-r,default,01jzmmdybqgekbn439fjdz6she,PermissionSet,328032,PermissionSet
,kind-kubehound.test.local,true,rolebind-rb-r-rb-crb,false,pod-bind-role-rb-r-rb-crb-g,"[API(rbac.authorization.k8s.io)::R(rolebindings)::N()::V(create), API(rbac.authorization.k8s.io)::R(clusterroles)::N()::V(bind)]",,686cdf51dce18c406e3d2607,,rolebind-rb-r-rb-crb::pod-bind-role-rb-r-rb-crb-g,default,01jzmmdybqgekbn439fjdz6she,PermissionSet,198168,PermissionSet
,kind-kubehound.test.local,true,rolebind-rb-r-rb-r,false,pod-bind-role-rb-r-rb-r-u,"[API(rbac.authorization.k8s.io)::R(rolebindings)::N()::V(create), API(rbac.authorization.k8s.io)::R(roles)::N()::V(bind)]",,686cdf51dce18c406e3d2622,,rolebind-rb-r-rb-r::pod-bind-role-rb-r-rb-r-u,default,01jzmmdybqgekbn439fjdz6she,PermissionSet,198424,PermissionSet
,kind-kubehound.test.local,true,system:controller:bootstrap-signer,false,system:controller:bootstrap-signer,"[API()::R(configmaps)::N()::V(get,list,watch), API()::R(configmaps)::N(cluster-info)::V(update), API(,events.k8s.io)::R(events)::N()::V(create,patch,update)]",,686cdf51dce18c406e3d265b,,system:controller:bootstrap-signer::system:controller:bootstrap-signer,kube-public,01jzmmdybqgekbn439fjdz6she,PermissionSet,263192,PermissionSet
,kind-kubehound.test.local,true,system:controller:token-cleaner,false,system:controller:token-cleaner,"[API()::R(secrets)::N()::V(delete,get,list,watch), API(,events.k8s.io)::R(events)::N()::V(create,patch,update)]",,686cdf52dce18c406e3d268f,,system:controller:token-cleaner::system:controller:token-cleaner,kube-system,01jzmmdybqgekbn439fjdz6she,PermissionSet,328728,PermissionSet
,kind-kubehound.test.local,true,impersonate,false,pod-impersonate,"[API(*)::R(users,groups)::N()::V(impersonate)]",,686cdf51dce18c406e3d2637,,impersonate::pod-impersonate,default,01jzmmdybqgekbn439fjdz6she,PermissionSet,329240,PermissionSet
,kind-kubehound.test.local,true,kube-proxy,false,kube-proxy,[API()::R(configmaps)::N(kube-proxy)::V(get)],,686cdf52dce18c406e3d2663,,kube-proxy::kube-proxy,kube-system,01jzmmdybqgekbn439fjdz6she,PermissionSet,329496,PermissionSet
,kind-kubehound.test.local,true,rolebind-rb-r-rb-crb,false,pod-bind-role-rb-r-rb-crb-u,"[API(rbac.authorization.k8s.io)::R(rolebindings)::N()::V(create), API(rbac.authorization.k8s.io)::R(clusterroles)::N()::V(bind)]",,686cdf51dce18c406e3d260d,,rolebind-rb-r-rb-crb::pod-bind-role-rb-r-rb-crb-u,default,01jzmmdybqgekbn439fjdz6she,PermissionSet,393416,PermissionSet
,kind-kubehound.test.local,true,kubeadm:kubelet-config,false,kubeadm:kubelet-config,[API()::R(configmaps)::N(kubelet-config)::V(get)],,686cdf52dce18c406e3d2665,,kubeadm:kubelet-config::kubeadm:kubelet-config,kube-system,01jzmmdybqgekbn439fjdz6she,PermissionSet,394048,PermissionSet
,kind-kubehound.test.local,true,patch-pods,false,pod-patch-pods,"[API(*)::R(pods)::N()::V(get,list,patch)]",,686cdf51dce18c406e3d2643,,patch-pods::pod-patch-pods,default,01jzmmdybqgekbn439fjdz6she,PermissionSet,394776,PermissionSet
,kind-kubehound.test.local,true,rolebind-rb-cr-crb-cr-fail,false,pod-bind-role-rb-cr-crb-cr-fail,"[API(rbac.authorization.k8s.io)::R(clusterrolebindings)::N()::V(create), API(rbac.authorization.k8s.io)::R(clusterroles)::N()::V(bind)]",,686cdf51dce18c406e3d25da,,rolebind-rb-cr-crb-cr-fail::pod-bind-role-rb-cr-crb-cr-fail,default,01jzmmdybqgekbn439fjdz6she,PermissionSet,396600,PermissionSet
,kind-kubehound.test.local,true,kubeadm:bootstrap-signer-clusterinfo,false,kubeadm:bootstrap-signer-clusterinfo,[API()::R(configmaps)::N(cluster-info)::V(get)],,686cdf51dce18c406e3d2652,,kubeadm:bootstrap-signer-clusterinfo::kubeadm:bootstrap-signer-clusterinfo,kube-public,01jzmmdybqgekbn439fjdz6she,PermissionSet,460312,PermissionSet
,kind-kubehound.test.local,true,read-logs,false,pod-read-logs,"[API()::R(pods/log,pods,nodes,nodes/log)::N()::V(get,list)]",,686cdf51dce18c406e3d264c,,read-logs::pod-read-logs,default,01jzmmdybqgekbn439fjdz6she,PermissionSet,525768,PermissionSet
,kind-kubehound.test.local,true,rolebind-rb-r-rb-crb,false,pod-bind-role-rb-r-rb-crb,"[API(rbac.authorization.k8s.io)::R(rolebindings)::N()::V(create), API(rbac.authorization.k8s.io)::R(clusterroles)::N()::V(bind)]",,686cdf51dce18c406e3d2602,,rolebind-rb-r-rb-crb::pod-bind-role-rb-r-rb-crb,default,01jzmmdybqgekbn439fjdz6she,PermissionSet,593208,PermissionSet
,kind-kubehound.test.local,true,kubeadm:nodes-kubeadm-config,false,kubeadm:nodes-kubeadm-config,[API()::R(configmaps)::N(kubeadm-config)::V(get)],,686cdf52dce18c406e3d266d,,kubeadm:nodes-kubeadm-config::kubeadm:nodes-kubeadm-config,kube-system,01jzmmdybqgekbn439fjdz6she,PermissionSet,656920,PermissionSet
,kind-kubehound.test.local,true,system:controller:cloud-provider,false,system:controller:cloud-provider,"[API()::R(configmaps)::N()::V(create,get,list,watch)]",,686cdf52dce18c406e3d2689,,system:controller:cloud-provider::system:controller:cloud-provider,kube-system,01jzmmdybqgekbn439fjdz6she,PermissionSet,722376,PermissionSet
,kind-kubehound.test.local,true,local-path-provisioner-role,true,local-path-provisioner-bind,"[API()::R(pods)::N()::V(get,list,watch,create,patch,update,delete)]",,686cdf52dce18c406e3d2691,,local-path-provisioner-role::local-path-provisioner-bind,local-path-storage,01jzmmdybqgekbn439fjdz6she,PermissionSet,787992,PermissionSet
,kind-kubehound.test.local,true,rolebind-rb-r-rb-r,false,pod-bind-role-rb-r-rb-r-g,"[API(rbac.authorization.k8s.io)::R(rolebindings)::N()::V(create), API(rbac.authorization.k8s.io)::R(roles)::N()::V(bind)]",,686cdf51dce18c406e3d2619,,rolebind-rb-r-rb-r::pod-bind-role-rb-r-rb-r-g,default,01jzmmdybqgekbn439fjdz6she,PermissionSet,789816,PermissionSet
,kind-kubehound.test.local,true,create-pods,true,pod-create-pods,"[API(*)::R(pods)::N()::V(get,list,create)]",,686cdf51dce18c406e3d2628,,create-pods::pod-create-pods,default,01jzmmdybqgekbn439fjdz6she,PermissionSet,855352,PermissionSet
,kind-kubehound.test.local,false,rolebind-crb-cr-crb-cr,false,pod-bind-role-crb-cr-crb-cr,"[API(rbac.authorization.k8s.io)::R(clusterrolebindings)::N()::V(create), API(rbac.authorization.k8s.io)::R(clusterroles)::N()::V(bind)]",,686cdf51dce18c406e3d2613,,rolebind-crb-cr-crb-cr::pod-bind-role-crb-cr-crb-cr,,01jzmmdybqgekbn439fjdz6she,PermissionSet,459104,PermissionSet
,kind-kubehound.test.local,false,cluster-admin,true,kubeadm:cluster-admins,"[API(*)::R(*)::N()::V(*), API()::R()::N()::V(*)]",,686cdf51dce18c406e3d25e0,,cluster-admin::kubeadm:cluster-admins,,01jzmmdybqgekbn439fjdz6she,PermissionSet,132416,PermissionSet
,kind-kubehound.test.local,false,system:certificates.k8s.io:certificatesigningrequests:nodeclient,true,kubeadm:node-autoapprove-bootstrap,[API(certificates.k8s.io)::R(certificatesigningrequests/nodeclient)::N()::V(create)],,686cdf51dce18c406e3d25ed,,system:certificates.k8s.io:certificatesigningrequests:nodeclient::kubeadm:node-autoapprove-bootstrap,,01jzmmdybqgekbn439fjdz6she,PermissionSet,262976,PermissionSet
,kind-kubehound.test.local,false,system:controller:cronjob-controller,true,system:controller:cronjob-controller,"[API(batch)::R(cronjobs)::N()::V(get,list,update,watch), API(batch)::R(jobs)::N()::V(create,delete,get,list,patch,update,watch), API(batch)::R(cronjobs/status)::N()::V(update), API(batch)::R(cronjobs/finalizers)::N()::V(update), API()::R(pods)::N()::V(delete,list,watch), API(,events.k8s.io)::R(events)::N()::V(create,patch,update)]",,686cdf51dce18c406e3d263a,,system:controller:cronjob-controller::system:controller:cronjob-controller,,01jzmmdybqgekbn439fjdz6she,PermissionSet,263960,PermissionSet
,kind-kubehound.test.local,false,system:controller:certificate-controller,true,system:controller:certificate-controller,"[API(certificates.k8s.io)::R(certificatesigningrequests)::N()::V(delete,get,list,watch), API(certificates.k8s.io)::R(certificatesigningrequests/approval,certificatesigningrequests/status)::N()::V(update), API(certificates.k8s.io)::R(signers)::N(kubernetes.io/kube-apiserver-client-kubelet)::V(approve), API(certificates.k8s.io)::R(signers)::N(kubernetes.io/kube-apiserver-client,kubernetes.io/kube-apiserver-client-kubelet,kubernetes.io/kubelet-serving,kubernetes.io/legacy-unknown)::V(sign), API(authorization.k8s.io)::R(subjectaccessreviews)::N()::V(create), API(,events.k8s.io)::R(events)::N()::V(create,patch,update)]",,686cdf51dce18c406e3d262e,,system:controller:certificate-controller::system:controller:certificate-controller,,01jzmmdybqgekbn439fjdz6she,PermissionSet,328512,PermissionSet
,kind-kubehound.test.local,false,kubeadm:get-nodes,true,kubeadm:get-nodes,[API()::R(nodes)::N()::V(get)],,686cdf51dce18c406e3d25e6,,kubeadm:get-nodes::kubeadm:get-nodes,,01jzmmdybqgekbn439fjdz6she,PermissionSet,329160,PermissionSet
,kind-kubehound.test.local,false,system:controller:endpointslicemirroring-controller,true,system:controller:endpointslicemirroring-controller,"[API()::R(endpoints,services)::N()::V(get,list,watch), API()::R(services/finalizers)::N()::V(update), API()::R(endpoints/finalizers)::N()::V(update), API(discovery.k8s.io)::R(endpointslices)::N()::V(create,delete,get,list,update,watch), API(,events.k8s.io)::R(events)::N()::V(create,patch,update)]",,686cdf51dce18c406e3d2658,,system:controller:endpointslicemirroring-controller::system:controller:endpointslicemirroring-controller,,01jzmmdybqgekbn439fjdz6she,PermissionSet,393264,PermissionSet
,kind-kubehound.test.local,false,system:controller:expand-controller,true,system:controller:expand-controller,"[API()::R(persistentvolumes)::N()::V(get,list,patch,update,watch), API()::R(persistentvolumeclaims/status)::N()::V(patch,update), API()::R(persistentvolumeclaims)::N()::V(get,list,watch), API(,events.k8s.io)::R(events)::N()::V(create,patch,update), API()::R(services)::N()::V(get)]",,686cdf52dce18c406e3d2661,,system:controller:expand-controller::system:controller:expand-controller,,01jzmmdybqgekbn439fjdz6she,PermissionSet,394264,PermissionSet
,kind-kubehound.test.local,false,system:controller:deployment-controller,true,system:controller:deployment-controller,"[API(apps,extensions)::R(deployments)::N()::V(get,list,update,watch), API(apps,extensions)::R(deployments/status)::N()::V(update), API(apps,extensions)::R(deployments/finalizers)::N()::V(update), API(apps,extensions)::R(replicasets)::N()::V(create,delete,get,list,patch,update,watch), API()::R(pods)::N()::V(get,list,update,watch), API(,events.k8s.io)::R(events)::N()::V(create,patch,update)]",,686cdf51dce18c406e3d2646,,system:controller:deployment-controller::system:controller:deployment-controller,,01jzmmdybqgekbn439fjdz6she,PermissionSet,394560,PermissionSet
,kind-kubehound.test.local,false,system:node-bootstrapper,true,kubeadm:kubelet-bootstrap,"[API(certificates.k8s.io)::R(certificatesigningrequests)::N()::V(create,get,list,watch)]",,686cdf51dce18c406e3d25eb,,system:node-bootstrapper::kubeadm:kubelet-bootstrap,,01jzmmdybqgekbn439fjdz6she,PermissionSet,394696,PermissionSet
,kind-kubehound.test.local,false,system:controller:namespace-controller,true,system:controller:namespace-controller,"[API()::R(namespaces)::N()::V(delete,get,list,watch), API()::R(namespaces/finalize,namespaces/status)::N()::V(update), API(*)::R(*)::N()::V(delete,deletecollection,get,list,watch)]",,686cdf52dce18c406e3d2681,,system:controller:namespace-controller::system:controller:namespace-controller,,01jzmmdybqgekbn439fjdz6she,PermissionSet,395032,PermissionSet
,kind-kubehound.test.local,false,local-path-provisioner-role,true,local-path-provisioner-bind,"[API()::R(nodes,persistentvolumeclaims,configmaps,pods,pods/log)::N()::V(get,list,watch), API()::R(persistentvolumes)::N()::V(get,list,watch,create,patch,update,delete), API()::R(events)::N()::V(create,patch), API(storage.k8s.io)::R(storageclasses)::N()::V(get,list,watch)]",,686cdf51dce18c406e3d25ff,,local-path-provisioner-role::local-path-provisioner-bind,,01jzmmdybqgekbn439fjdz6she,PermissionSet,460232,PermissionSet
,kind-kubehound.test.local,false,kindnet,true,kindnet,"[API(policy)::R(podsecuritypolicies)::N(kindnet)::V(use), API()::R(nodes,pods,namespaces)::N()::V(list,watch), API(networking.k8s.io)::R(networkpolicies)::N()::V(list,watch)]",,686cdf51dce18c406e3d25dd,,kindnet::kindnet,,01jzmmdybqgekbn439fjdz6she,PermissionSet,462136,PermissionSet
,kind-kubehound.test.local,false,system:controller:endpointslice-controller,true,system:controller:endpointslice-controller,"[API()::R(nodes,pods,services)::N()::V(get,list,watch), API()::R(services/finalizers)::N()::V(update), API(discovery.k8s.io)::R(endpointslices)::N()::V(create,delete,get,list,update,watch), API(,events.k8s.io)::R(events)::N()::V(create,patch,update)]",,686cdf51dce18c406e3d2655,,system:controller:endpointslice-controller::system:controller:endpointslice-controller,,01jzmmdybqgekbn439fjdz6she,PermissionSet,524488,PermissionSet
,kind-kubehound.test.local,false,system:controller:job-controller,true,system:controller:job-controller,"[API(batch)::R(jobs)::N()::V(get,list,patch,update,watch), API(batch)::R(jobs/status)::N()::V(update), API(batch)::R(jobs/finalizers)::N()::V(update), API()::R(pods)::N()::V(create,delete,list,patch,watch), API(,events.k8s.io)::R(events)::N()::V(create,patch,update)]",,686cdf52dce18c406e3d2674,,system:controller:job-controller::system:controller:job-controller,,01jzmmdybqgekbn439fjdz6she,PermissionSet,525120,PermissionSet
,kind-kubehound.test.local,false,system:controller:clusterrole-aggregation-controller,true,system:controller:clusterrole-aggregation-controller,"[API(rbac.authorization.k8s.io)::R(clusterroles)::N()::V(escalate,get,list,patch,update,watch)]",,686cdf51dce18c406e3d2631,,system:controller:clusterrole-aggregation-controller::system:controller:clusterrole-aggregation-controller,,01jzmmdybqgekbn439fjdz6she,PermissionSet,525848,PermissionSet
,kind-kubehound.test.local,false,system:controller:pvc-protection-controller,true,system:controller:pvc-protection-controller,"[API()::R(persistentvolumeclaims)::N()::V(get,list,update,watch), API()::R(pods)::N()::V(get,list,watch), API(,events.k8s.io)::R(events)::N()::V(create,patch,update)]",,686cdf52dce18c406e3d269a,,system:controller:pvc-protection-controller::system:controller:pvc-protection-controller,,01jzmmdybqgekbn439fjdz6she,PermissionSet,526104,PermissionSet
,kind-kubehound.test.local,false,system:controller:node-controller,true,system:controller:node-controller,"[API()::R(nodes)::N()::V(delete,get,list,patch,update,watch), API()::R(nodes/status)::N()::V(patch,update), API()::R(pods/status)::N()::V(patch,update), API()::R(pods)::N()::V(delete,get,list,watch), API(,events.k8s.io)::R(events)::N()::V(create,patch,update)]",,686cdf52dce18c406e3d2684,,system:controller:node-controller::system:controller:node-controller,,01jzmmdybqgekbn439fjdz6she,PermissionSet,591168,PermissionSet
,kind-kubehound.test.local,false,system:controller:daemon-set-controller,true,system:controller:daemon-set-controller,"[API(apps,extensions)::R(daemonsets)::N()::V(get,list,watch), API(apps,extensions)::R(daemonsets/status)::N()::V(update), API(apps,extensions)::R(daemonsets/finalizers)::N()::V(update), API()::R(nodes)::N()::V(list,watch), API()::R(pods)::N()::V(create,delete,list,patch,watch), API()::R(pods/binding)::N()::V(create), API(apps)::R(controllerrevisions)::N()::V(create,delete,get,list,patch,update,watch), API(,events.k8s.io)::R(events)::N()::V(create,patch,update)]",,686cdf51dce18c406e3d263d,,system:controller:daemon-set-controller::system:controller:daemon-set-controller,,01jzmmdybqgekbn439fjdz6she,PermissionSet,591384,PermissionSet
,kind-kubehound.test.local,false,system:controller:pv-protection-controller,true,system:controller:pv-protection-controller,"[API()::R(persistentvolumes)::N()::V(get,list,update,watch), API(,events.k8s.io)::R(events)::N()::V(create,patch,update)]",,686cdf52dce18c406e3d2697,,system:controller:pv-protection-controller::system:controller:pv-protection-controller,,01jzmmdybqgekbn439fjdz6she,PermissionSet,656704,PermissionSet
,kind-kubehound.test.local,false,system:controller:disruption-controller,true,system:controller:disruption-controller,"[API(apps,extensions)::R(deployments)::N()::V(get,list,watch), API(apps,extensions)::R(replicasets)::N()::V(get,list,watch), API()::R(replicationcontrollers)::N()::V(get,list,watch), API(policy)::R(poddisruptionbudgets)::N()::V(get,list,watch), API(apps)::R(statefulsets)::N()::V(get,list,watch), API(policy)::R(poddisruptionbudgets/status)::N()::V(update), API()::R(pods/status)::N()::V(patch,update), API(*)::R(*/scale)::N()::V(get), API(,events.k8s.io)::R(events)::N()::V(create,patch,update)]",,686cdf51dce18c406e3d2649,,system:controller:disruption-controller::system:controller:disruption-controller,,01jzmmdybqgekbn439fjdz6she,PermissionSet,656840,PermissionSet
,kind-kubehound.test.local,false,system:certificates.k8s.io:certificatesigningrequests:selfnodeclient,true,kubeadm:node-autoapprove-certificate-rotation,[API(certificates.k8s.io)::R(certificatesigningrequests/selfnodeclient)::N()::V(create)],,686cdf51dce18c406e3d25f3,,system:certificates.k8s.io:certificatesigningrequests:selfnodeclient::kubeadm:node-autoapprove-certificate-rotation,,01jzmmdybqgekbn439fjdz6she,PermissionSet,658744,PermissionSet
,kind-kubehound.test.local,false,system:controller:pod-garbage-collector,true,system:controller:pod-garbage-collector,"[API()::R(pods)::N()::V(delete,list,watch), API()::R(nodes)::N()::V(get,list,watch), API()::R(pods/status)::N()::V(patch)]",,686cdf52dce18c406e3d2694,,system:controller:pod-garbage-collector::system:controller:pod-garbage-collector,,01jzmmdybqgekbn439fjdz6she,PermissionSet,721248,PermissionSet
,kind-kubehound.test.local,false,system:controller:endpoint-controller,true,system:controller:endpoint-controller,"[API()::R(pods,services)::N()::V(get,list,watch), API()::R(endpoints)::N()::V(create,delete,get,list,update,watch), API()::R(endpoints/restricted)::N()::V(create), API(,events.k8s.io)::R(events)::N()::V(create,patch,update)]",,686cdf51dce18c406e3d264f,,system:controller:endpoint-controller::system:controller:endpoint-controller,,01jzmmdybqgekbn439fjdz6she,PermissionSet,722456,PermissionSet
,kind-kubehound.test.local,false,system:controller:replication-controller,true,system:controller:replication-controller,"[API()::R(replicationcontrollers)::N()::V(get,list,update,watch), API()::R(replicationcontrollers/status)::N()::V(update), API()::R(replicationcontrollers/finalizers)::N()::V(update), API()::R(pods)::N()::V(create,delete,list,patch,watch), API(,events.k8s.io)::R(events)::N()::V(create,patch,update)]",,686cdf52dce18c406e3d26a0,,system:controller:replication-controller::system:controller:replication-controller,,01jzmmdybqgekbn439fjdz6she,PermissionSet,786784,PermissionSet
,kind-kubehound.test.local,false,system:controller:root-ca-cert-publisher,true,system:controller:root-ca-cert-publisher,"[API()::R(configmaps)::N()::V(create,update), API(,events.k8s.io)::R(events)::N()::V(create,patch,update)]",,686cdf52dce18c406e3d26a6,,system:controller:root-ca-cert-publisher::system:controller:root-ca-cert-publisher,,01jzmmdybqgekbn439fjdz6she,PermissionSet,852800,PermissionSet
,kind-kubehound.test.local,false,system:controller:ephemeral-volume-controller,true,system:controller:ephemeral-volume-controller,"[API()::R(pods)::N()::V(get,list,watch), API()::R(pods/finalizers)::N()::V(update), API()::R(persistentvolumeclaims)::N()::V(create,get,list,watch), API(,events.k8s.io)::R(events)::N()::V(create,patch,update)]",,686cdf52dce18c406e3d265e,,system:controller:ephemeral-volume-controller::system:controller:ephemeral-volume-controller,,01jzmmdybqgekbn439fjdz6she,PermissionSet,986424,PermissionSet
,kind-kubehound.test.local,false,system:controller:ttl-after-finished-controller,true,system:controller:ttl-after-finished-controller,"[API(batch)::R(jobs)::N()::V(delete,get,list,watch), API(,events.k8s.io)::R(events)::N()::V(create,patch,update)]",,686cdf52dce18c406e3d26bb,,system:controller:ttl-after-finished-controller::system:controller:ttl-after-finished-controller,,01jzmmdybqgekbn439fjdz6she,PermissionSet,1049408,PermissionSet
,kind-kubehound.test.local,false,system:controller:statefulset-controller,true,system:controller:statefulset-controller,"[API()::R(pods)::N()::V(list,watch), API(apps)::R(statefulsets)::N()::V(get,list,watch), API(apps)::R(statefulsets/status)::N()::V(update), API(apps)::R(statefulsets/finalizers)::N()::V(update), API()::R(pods)::N()::V(create,delete,get,patch,update), API(apps)::R(controllerrevisions)::N()::V(create,delete,get,list,patch,update,watch), API()::R(persistentvolumeclaims)::N()::V(create,get,list,watch), API(,events.k8s.io)::R(events)::N()::V(create,patch,update), API()::R(persistentvolumeclaims)::N()::V(delete,update), API()::R(pods/finalizers)::N()::V(update)]",,686cdf52dce18c406e3d26b8,,system:controller:statefulset-controller::system:controller:statefulset-controller,,01jzmmdybqgekbn439fjdz6she,PermissionSet,1050136,PermissionSet
,kind-kubehound.test.local,false,system:kube-dns,true,system:kube-dns,"[API()::R(endpoints,services)::N()::V(list,watch)]",,686cdf52dce18c406e3d26cb,,system:kube-dns::system:kube-dns,,01jzmmdybqgekbn439fjdz6she,PermissionSet,1114464,PermissionSet
,kind-kubehound.test.local,false,system:coredns,true,system:coredns,"[API()::R(endpoints,services,pods,namespaces)::N()::V(list,watch), API(discovery.k8s.io)::R(endpointslices)::N()::V(list,watch)]",,686cdf52dce18c406e3d26c4,,system:coredns::system:coredns,,01jzmmdybqgekbn439fjdz6she,PermissionSet,1310920,PermissionSet
,kind-kubehound.test.local,false,system:node-proxier,true,system:node-proxier,"[API()::R(endpoints,services)::N()::V(list,watch), API()::R(nodes)::N()::V(get,list,watch), API(,events.k8s.io)::R(events)::N()::V(create,patch,update), API(networking.k8s.io)::R(servicecidrs)::N()::V(list,watch), API(discovery.k8s.io)::R(endpointslices)::N()::V(list,watch)]",,686cdf52dce18c406e3d26d5,,system:node-proxier::system:node-proxier,,01jzmmdybqgekbn439fjdz6she,PermissionSet,1312200,PermissionSet
,kind-kubehound.test.local,false,system:service-account-issuer-discovery,true,system:service-account-issuer-discovery,[API()::R()::N()::V(get)],,686cdf52dce18c406e3d26db,,system:service-account-issuer-discovery::system:service-account-issuer-discovery,,01jzmmdybqgekbn439fjdz6she,PermissionSet,1379640,PermissionSet
,kind-kubehound.test.local,false,system:kube-controller-manager,true,system:kube-controller-manager,"[API(,events.k8s.io)::R(events)::N()::V(create,patch,update), API(coordination.k8s.io)::R(leases)::N()::V(create), API(coordination.k8s.io)::R(leases)::N(kube-controller-manager)::V(get,update), API()::R(secrets,serviceaccounts)::N()::V(create), API()::R(secrets)::N()::V(delete), API()::R(configmaps,namespaces,secrets,serviceaccounts)::N()::V(get), API()::R(secrets,serviceaccounts)::N()::V(update), API(authentication.k8s.io)::R(tokenreviews)::N()::V(create), API(authorization.k8s.io)::R(subjectaccessreviews)::N()::V(create), API(*)::R(*)::N()::V(list,watch), API()::R(serviceaccounts/token)::N()::V(create)]",,686cdf52dce18c406e3d26c8,,system:kube-controller-manager::system:kube-controller-manager,,01jzmmdybqgekbn439fjdz6she,PermissionSet,1443352,PermissionSet
,kind-kubehound.test.local,false,system:node,true,system:node,"[API(authentication.k8s.io)::R(tokenreviews)::N()::V(create), API(authorization.k8s.io)::R(localsubjectaccessreviews,subjectaccessreviews)::N()::V(create), API()::R(services)::N()::V(get,list,watch), API()::R(nodes)::N()::V(create,get,list,watch), API()::R(nodes/status)::N()::V(patch,update), API()::R(nodes)::N()::V(patch,update), API()::R(events)::N()::V(create,patch,update), API()::R(pods)::N()::V(get,list,watch), API()::R(pods)::N()::V(create,delete), API()::R(pods/status)::N()::V(patch,update), API()::R(pods/eviction)::N()::V(create), API()::R(configmaps,secrets)::N()::V(get,list,watch), API()::R(persistentvolumeclaims,persistentvolumes)::N()::V(get), API()::R(endpoints)::N()::V(get), API(certificates.k8s.io)::R(certificatesigningrequests)::N()::V(create,get,list,watch), API(coordination.k8s.io)::R(leases)::N()::V(create,delete,get,patch,update), API(storage.k8s.io)::R(volumeattachments)::N()::V(get), API()::R(serviceaccounts/token)::N()::V(create), API()::R(persistentvolumeclaims/status)::N()::V(get,patch,update), API(storage.k8s.io)::R(csidrivers)::N()::V(get,list,watch), API(storage.k8s.io)::R(csinodes)::N()::V(create,delete,get,patch,update), API(node.k8s.io)::R(runtimeclasses)::N()::V(get,list,watch)]",,686cdf52dce18c406e3d26d2,,system:node::system:node,,01jzmmdybqgekbn439fjdz6she,PermissionSet,1508888,PermissionSet
,kind-kubehound.test.local,false,rolebind-crb-cr-rb-cr,false,pod-bind-role-crb-cr-rb-cr,"[API(rbac.authorization.k8s.io)::R(rolebindings)::N()::V(create), API(rbac.authorization.k8s.io)::R(clusterroles)::N()::V(bind)]",,686cdf51dce18c406e3d261c,,rolebind-crb-cr-rb-cr::pod-bind-role-crb-cr-rb-cr,,01jzmmdybqgekbn439fjdz6she,PermissionSet,524640,PermissionSet
,kind-kubehound.test.local,false,node-api-access,false,node-api-access,[API(*)::R(pods)::N()::V(list)],,686cdf51dce18c406e3d2604,,node-api-access::node-api-access,,01jzmmdybqgekbn439fjdz6she,PermissionSet,724280,PermissionSet
,kind-kubehound.test.local,false,rolebind-crb-cr-crb-r-fail,false,pod-bind-role-crb-cr-crb-r-fail,"[API(rbac.authorization.k8s.io)::R(clusterrolebindings)::N()::V(create), API(rbac.authorization.k8s.io)::R(roles)::N()::V(bind)]",,686cdf51dce18c406e3d2616,,rolebind-crb-cr-crb-r-fail::pod-bind-role-crb-cr-crb-r-fail,,01jzmmdybqgekbn439fjdz6she,PermissionSet,263704,PermissionSet
,kind-kubehound.test.local,false,system:controller:validatingadmissionpolicy-status-controller,false,system:controller:validatingadmissionpolicy-status-controller,"[API(admissionregistration.k8s.io)::R(validatingadmissionpolicies)::N()::V(get,list,watch), API(admissionregistration.k8s.io)::R(validatingadmissionpolicies/status)::N()::V(get,patch,update), API(,events.k8s.io)::R(events)::N()::V(create,patch,update)]",,686cdf52dce18c406e3d26c1,,system:controller:validatingadmissionpolicy-status-controller::system:controller:validatingadmissionpolicy-status-controller,,01jzmmdybqgekbn439fjdz6she,PermissionSet,983240,PermissionSet
,kind-kubehound.test.local,false,rolebind-crb-cr-rb-r,false,pod-bind-rola-crb-cr-rb-r,"[API(rbac.authorization.k8s.io)::R(rolebindings)::N()::V(create), API(rbac.authorization.k8s.io)::R(roles)::N()::V(bind)]",,686cdf51dce18c406e3d260a,,rolebind-crb-cr-rb-r::pod-bind-rola-crb-cr-rb-r,,01jzmmdybqgekbn439fjdz6she,PermissionSet,263488,PermissionSet
,kind-kubehound.test.local,false,system:controller:service-cidrs-controller,false,system:controller:service-cidrs-controller,"[API(networking.k8s.io)::R(servicecidrs)::N()::V(get,list,patch,update,watch), API(networking.k8s.io)::R(servicecidrs/finalizers)::N()::V(patch,update), API(networking.k8s.io)::R(servicecidrs/status)::N()::V(patch,update), API(networking.k8s.io)::R(ipaddresses)::N()::V(get,list,watch), API(,events.k8s.io)::R(events)::N()::V(create,patch,update)]",,686cdf52dce18c406e3d26b2,,system:controller:service-cidrs-controller::system:controller:service-cidrs-controller,,01jzmmdybqgekbn439fjdz6she,PermissionSet,1115592,PermissionSet
,kind-kubehound.test.local,false,system:controller:legacy-service-account-token-cleaner,false,system:controller:legacy-service-account-token-cleaner,"[API()::R(configmaps)::N(kube-apiserver-legacy-service-account-token-tracking)::V(get), API()::R(secrets)::N()::V(delete,patch)]",,686cdf52dce18c406e3d267b,,system:controller:legacy-service-account-token-cleaner::system:controller:legacy-service-account-token-cleaner,,01jzmmdybqgekbn439fjdz6she,PermissionSet,458800,PermissionSet